{
    "accuracy": 0.9483870967741935,
    "classification_report": {
        "0": {
            "precision": 0.9,
            "recall": 0.984375,
            "f1-score": 0.9402985074626866,
            "support": 64.0
        },
        "1": {
            "precision": 1.0,
            "recall": 1.0,
            "f1-score": 1.0,
            "support": 83.0
        },
        "3": {
            "precision": 0.5,
            "recall": 1.0,
            "f1-score": 0.6666666666666666,
            "support": 1.0
        },
        "4": {
            "precision": 0.0,
            "recall": 0.0,
            "f1-score": 0.0,
            "support": 7.0
        },
        "accuracy": 0.9483870967741935,
        "macro avg": {
            "precision": 0.6,
            "recall": 0.74609375,
            "f1-score": 0.6517412935323383,
            "support": 155.0
        },
        "weighted avg": {
            "precision": 0.9103225806451613,
            "recall": 0.9483870967741935,
            "f1-score": 0.9280372331888941,
            "support": 155.0
        }
    },
    "confusion_matrix": [
        [
            63,
            0,
            1,
            0
        ],
        [
            0,
            83,
            0,
            0
        ],
        [
            0,
            0,
            1,
            0
        ],
        [
            7,
            0,
            0,
            0
        ]
    ]
}