{
    "accuracy": 0.9870967741935484,
    "classification_report": {
        "0": {
            "precision": 0.984375,
            "recall": 0.984375,
            "f1-score": 0.984375,
            "support": 64.0
        },
        "1": {
            "precision": 1.0,
            "recall": 1.0,
            "f1-score": 1.0,
            "support": 83.0
        },
        "3": {
            "precision": 0.0,
            "recall": 0.0,
            "f1-score": 0.0,
            "support": 1.0
        },
        "4": {
            "precision": 1.0,
            "recall": 1.0,
            "f1-score": 1.0,
            "support": 7.0
        },
        "accuracy": 0.9870967741935484,
        "macro avg": {
            "precision": 0.74609375,
            "recall": 0.74609375,
            "f1-score": 0.74609375,
            "support": 155.0
        },
        "weighted avg": {
            "precision": 0.9870967741935484,
            "recall": 0.9870967741935484,
            "f1-score": 0.9870967741935484,
            "support": 155.0
        }
    },
    "confusion_matrix": [
        [
            63,
            0,
            1,
            0
        ],
        [
            0,
            83,
            0,
            0
        ],
        [
            1,
            0,
            0,
            0
        ],
        [
            0,
            0,
            0,
            7
        ]
    ]
}