{
    "accuracy": 0.9936305732484076,
    "classification_report": {
        "0": {
            "precision": 0.9850746268656716,
            "recall": 1.0,
            "f1-score": 0.9924812030075187,
            "support": 66.0
        },
        "1": {
            "precision": 1.0,
            "recall": 1.0,
            "f1-score": 1.0,
            "support": 84.0
        },
        "3": {
            "precision": 0.0,
            "recall": 0.0,
            "f1-score": 0.0,
            "support": 1.0
        },
        "4": {
            "precision": 1.0,
            "recall": 1.0,
            "f1-score": 1.0,
            "support": 6.0
        },
        "accuracy": 0.9936305732484076,
        "macro avg": {
            "precision": 0.7462686567164178,
            "recall": 0.75,
            "f1-score": 0.7481203007518797,
            "support": 157.0
        },
        "weighted avg": {
            "precision": 0.9873562125677346,
            "recall": 0.9936305732484076,
            "f1-score": 0.9904698050859634,
            "support": 157.0
        }
    },
    "confusion_matrix": [
        [
            66,
            0,
            0,
            0
        ],
        [
            0,
            84,
            0,
            0
        ],
        [
            1,
            0,
            0,
            0
        ],
        [
            0,
            0,
            0,
            6
        ]
    ]
}