{
    "accuracy": 0.9551282051282052,
    "classification_report": {
        "0": {
            "precision": 0.9142857142857143,
            "recall": 0.9846153846153847,
            "f1-score": 0.9481481481481482,
            "support": 65.0
        },
        "1": {
            "precision": 1.0,
            "recall": 1.0,
            "f1-score": 1.0,
            "support": 84.0
        },
        "3": {
            "precision": 0.5,
            "recall": 1.0,
            "f1-score": 0.6666666666666666,
            "support": 1.0
        },
        "4": {
            "precision": 0.0,
            "recall": 0.0,
            "f1-score": 0.0,
            "support": 6.0
        },
        "accuracy": 0.9551282051282052,
        "macro avg": {
            "precision": 0.6035714285714285,
            "recall": 0.7461538461538462,
            "f1-score": 0.6537037037037037,
            "support": 156.0
        },
        "weighted avg": {
            "precision": 0.9226190476190476,
            "recall": 0.9551282051282052,
            "f1-score": 0.9377967711301043,
            "support": 156.0
        }
    },
    "confusion_matrix": [
        [
            64,
            0,
            1,
            0
        ],
        [
            0,
            84,
            0,
            0
        ],
        [
            0,
            0,
            1,
            0
        ],
        [
            6,
            0,
            0,
            0
        ]
    ]
}