{
    "accuracy": 0.9487179487179487,
    "classification_report": {
        "0": {
            "precision": 0.9014084507042254,
            "recall": 0.9846153846153847,
            "f1-score": 0.9411764705882353,
            "support": 65.0
        },
        "1": {
            "precision": 1.0,
            "recall": 1.0,
            "f1-score": 1.0,
            "support": 83.0
        },
        "2": {
            "precision": 0.0,
            "recall": 0.0,
            "f1-score": 0.0,
            "support": 1.0
        },
        "3": {
            "precision": 0.5,
            "recall": 1.0,
            "f1-score": 0.6666666666666666,
            "support": 1.0
        },
        "4": {
            "precision": 0.0,
            "recall": 0.0,
            "f1-score": 0.0,
            "support": 6.0
        },
        "accuracy": 0.9487179487179487,
        "macro avg": {
            "precision": 0.4802816901408451,
            "recall": 0.5969230769230769,
            "f1-score": 0.5215686274509804,
            "support": 156.0
        },
        "weighted avg": {
            "precision": 0.9108432647165042,
            "recall": 0.9487179487179487,
            "f1-score": 0.9284816490698844,
            "support": 156.0
        }
    },
    "confusion_matrix": [
        [
            64,
            0,
            0,
            1,
            0
        ],
        [
            0,
            83,
            0,
            0,
            0
        ],
        [
            1,
            0,
            0,
            0,
            0
        ],
        [
            0,
            0,
            0,
            1,
            0
        ],
        [
            6,
            0,
            0,
            0,
            0
        ]
    ]
}