{
    "accuracy": 0.9936305732484076,
    "classification_report": {
        "0": {
            "precision": 1.0,
            "recall": 0.9848484848484849,
            "f1-score": 0.9923664122137404,
            "support": 66.0
        },
        "1": {
            "precision": 1.0,
            "recall": 1.0,
            "f1-score": 1.0,
            "support": 84.0
        },
        "3": {
            "precision": 0.5,
            "recall": 1.0,
            "f1-score": 0.6666666666666666,
            "support": 1.0
        },
        "4": {
            "precision": 1.0,
            "recall": 1.0,
            "f1-score": 1.0,
            "support": 6.0
        },
        "accuracy": 0.9936305732484076,
        "macro avg": {
            "precision": 0.875,
            "recall": 0.9962121212121212,
            "f1-score": 0.9147582697201018,
            "support": 157.0
        },
        "weighted avg": {
            "precision": 0.9968152866242038,
            "recall": 0.9936305732484076,
            "f1-score": 0.9946678335845448,
            "support": 157.0
        }
    },
    "confusion_matrix": [
        [
            65,
            0,
            1,
            0
        ],
        [
            0,
            84,
            0,
            0
        ],
        [
            0,
            0,
            1,
            0
        ],
        [
            0,
            0,
            0,
            6
        ]
    ]
}