{
    "accuracy": 0.9871794871794872,
    "classification_report": {
        "0": {
            "precision": 0.9701492537313433,
            "recall": 1.0,
            "f1-score": 0.9848484848484849,
            "support": 65.0
        },
        "1": {
            "precision": 1.0,
            "recall": 1.0,
            "f1-score": 1.0,
            "support": 83.0
        },
        "2": {
            "precision": 0.0,
            "recall": 0.0,
            "f1-score": 0.0,
            "support": 1.0
        },
        "3": {
            "precision": 0.0,
            "recall": 0.0,
            "f1-score": 0.0,
            "support": 1.0
        },
        "4": {
            "precision": 1.0,
            "recall": 1.0,
            "f1-score": 1.0,
            "support": 6.0
        },
        "accuracy": 0.9871794871794872,
        "macro avg": {
            "precision": 0.5940298507462687,
            "recall": 0.6,
            "f1-score": 0.5969696969696969,
            "support": 156.0
        },
        "weighted avg": {
            "precision": 0.9747416762342136,
            "recall": 0.9871794871794872,
            "f1-score": 0.9808663558663557,
            "support": 156.0
        }
    },
    "confusion_matrix": [
        [
            65,
            0,
            0,
            0,
            0
        ],
        [
            0,
            83,
            0,
            0,
            0
        ],
        [
            1,
            0,
            0,
            0,
            0
        ],
        [
            1,
            0,
            0,
            0,
            0
        ],
        [
            0,
            0,
            0,
            0,
            6
        ]
    ]
}