{
    "accuracy": 0.7051282051282052,
    "classification_report": {
        "0": {
            "precision": 1.0,
            "recall": 0.2923076923076923,
            "f1-score": 0.4523809523809524,
            "support": 65.0
        },
        "1": {
            "precision": 0.9880952380952381,
            "recall": 1.0,
            "f1-score": 0.9940119760479041,
            "support": 83.0
        },
        "2": {
            "precision": 0.5,
            "recall": 1.0,
            "f1-score": 0.6666666666666666,
            "support": 1.0
        },
        "3": {
            "precision": 0.022222222222222223,
            "recall": 1.0,
            "f1-score": 0.043478260869565216,
            "support": 1.0
        },
        "4": {
            "precision": 1.0,
            "recall": 1.0,
            "f1-score": 1.0,
            "support": 6.0
        },
        "accuracy": 0.7051282051282052,
        "macro avg": {
            "precision": 0.7020634920634921,
            "recall": 0.8584615384615384,
            "f1-score": 0.6313075711930177,
            "support": 156.0
        },
        "weighted avg": {
            "precision": 0.9841931216931216,
            "recall": 0.7051282051282052,
            "f1-score": 0.7603711592581679,
            "support": 156.0
        }
    },
    "confusion_matrix": [
        [
            19,
            1,
            1,
            44,
            0
        ],
        [
            0,
            83,
            0,
            0,
            0
        ],
        [
            0,
            0,
            1,
            0,
            0
        ],
        [
            0,
            0,
            0,
            1,
            0
        ],
        [
            0,
            0,
            0,
            0,
            6
        ]
    ]
}