{
    "accuracy": 0.6987179487179487,
    "classification_report": {
        "0": {
            "precision": 1.0,
            "recall": 0.27692307692307694,
            "f1-score": 0.43373493975903615,
            "support": 65.0
        },
        "1": {
            "precision": 0.9767441860465116,
            "recall": 1.0,
            "f1-score": 0.9882352941176471,
            "support": 84.0
        },
        "2": {
            "precision": 0.0,
            "recall": 0.0,
            "f1-score": 0.0,
            "support": 0.0
        },
        "3": {
            "precision": 0.022222222222222223,
            "recall": 1.0,
            "f1-score": 0.043478260869565216,
            "support": 1.0
        },
        "4": {
            "precision": 1.0,
            "recall": 1.0,
            "f1-score": 1.0,
            "support": 6.0
        },
        "accuracy": 0.6987179487179487,
        "macro avg": {
            "precision": 0.5997932816537468,
            "recall": 0.6553846153846153,
            "f1-score": 0.49308969894924976,
            "support": 156.0
        },
        "weighted avg": {
            "precision": 0.9812098323726229,
            "recall": 0.6987179487179487,
            "f1-score": 0.7515898336608287,
            "support": 156.0
        }
    },
    "confusion_matrix": [
        [
            18,
            2,
            1,
            44,
            0
        ],
        [
            0,
            84,
            0,
            0,
            0
        ],
        [
            0,
            0,
            0,
            0,
            0
        ],
        [
            0,
            0,
            0,
            1,
            0
        ],
        [
            0,
            0,
            0,
            0,
            6
        ]
    ]
}