{
    "accuracy": 0.7006369426751592,
    "classification_report": {
        "0": {
            "precision": 1.0,
            "recall": 0.2878787878787879,
            "f1-score": 0.4470588235294118,
            "support": 66.0
        },
        "1": {
            "precision": 0.9767441860465116,
            "recall": 1.0,
            "f1-score": 0.9882352941176471,
            "support": 84.0
        },
        "2": {
            "precision": 0.0,
            "recall": 0.0,
            "f1-score": 0.0,
            "support": 0.0
        },
        "3": {
            "precision": 0.022222222222222223,
            "recall": 1.0,
            "f1-score": 0.043478260869565216,
            "support": 1.0
        },
        "4": {
            "precision": 1.0,
            "recall": 1.0,
            "f1-score": 1.0,
            "support": 6.0
        },
        "accuracy": 0.7006369426751592,
        "macro avg": {
            "precision": 0.5997932816537468,
            "recall": 0.6575757575757576,
            "f1-score": 0.4957544757033248,
            "support": 157.0
        },
        "weighted avg": {
            "precision": 0.9813295149689757,
            "recall": 0.7006369426751592,
            "f1-score": 0.7551664033101472,
            "support": 157.0
        }
    },
    "confusion_matrix": [
        [
            19,
            2,
            1,
            44,
            0
        ],
        [
            0,
            84,
            0,
            0,
            0
        ],
        [
            0,
            0,
            0,
            0,
            0
        ],
        [
            0,
            0,
            0,
            1,
            0
        ],
        [
            0,
            0,
            0,
            0,
            6
        ]
    ]
}