{
    "accuracy": 0.9871794871794872,
    "classification_report": {
        "0": {
            "precision": 0.9846153846153847,
            "recall": 0.9846153846153847,
            "f1-score": 0.9846153846153847,
            "support": 65.0
        },
        "1": {
            "precision": 1.0,
            "recall": 1.0,
            "f1-score": 1.0,
            "support": 84.0
        },
        "3": {
            "precision": 0.0,
            "recall": 0.0,
            "f1-score": 0.0,
            "support": 1.0
        },
        "4": {
            "precision": 1.0,
            "recall": 1.0,
            "f1-score": 1.0,
            "support": 6.0
        },
        "accuracy": 0.9871794871794872,
        "macro avg": {
            "precision": 0.7461538461538462,
            "recall": 0.7461538461538462,
            "f1-score": 0.7461538461538462,
            "support": 156.0
        },
        "weighted avg": {
            "precision": 0.9871794871794872,
            "recall": 0.9871794871794872,
            "f1-score": 0.9871794871794872,
            "support": 156.0
        }
    },
    "confusion_matrix": [
        [
            64,
            0,
            1,
            0
        ],
        [
            0,
            84,
            0,
            0
        ],
        [
            1,
            0,
            0,
            0
        ],
        [
            0,
            0,
            0,
            6
        ]
    ]
}