{
    "accuracy": 0.9807692307692307,
    "classification_report": {
        "0": {
            "precision": 0.9696969696969697,
            "recall": 0.9846153846153847,
            "f1-score": 0.9770992366412213,
            "support": 65.0
        },
        "1": {
            "precision": 1.0,
            "recall": 1.0,
            "f1-score": 1.0,
            "support": 83.0
        },
        "2": {
            "precision": 0.0,
            "recall": 0.0,
            "f1-score": 0.0,
            "support": 1.0
        },
        "3": {
            "precision": 0.0,
            "recall": 0.0,
            "f1-score": 0.0,
            "support": 1.0
        },
        "4": {
            "precision": 1.0,
            "recall": 1.0,
            "f1-score": 1.0,
            "support": 6.0
        },
        "accuracy": 0.9807692307692307,
        "macro avg": {
            "precision": 0.593939393939394,
            "recall": 0.5969230769230769,
            "f1-score": 0.5954198473282443,
            "support": 156.0
        },
        "weighted avg": {
            "precision": 0.9745532245532246,
            "recall": 0.9807692307692307,
            "f1-score": 0.9776375024466628,
            "support": 156.0
        }
    },
    "confusion_matrix": [
        [
            64,
            0,
            0,
            1,
            0
        ],
        [
            0,
            83,
            0,
            0,
            0
        ],
        [
            1,
            0,
            0,
            0,
            0
        ],
        [
            1,
            0,
            0,
            0,
            0
        ],
        [
            0,
            0,
            0,
            0,
            6
        ]
    ]
}